[
	{
		"name": "New Database",
		"id": 1,
		"order": 1,
		"submenu": -1
	},
	{
		"name": "Edit Database",
		"id": 2,
		"order": 2,
		"submenu": 	[
					{
						"name": "Rename Database",
						"id": 1,
						"order": 1,
						"submenu": -1
					},
					{
						"name": "Edit Data Cell",
						"id": 2,
						"order": 2,
						"submenu": -1
					}
				]
	},
	{
		"name": "Delete Database",
		"id": 3,
		"order": 3,
		"submenu": -1
	},
	{
		"name": "Exit",
		"id": 4,
		"order": 4,
		"submenu": -1
	}
]


